,,,,,DIA 1,DIA 1,DIA 1,DIA 1,DIA 1,DIA 1,DIA 3,DIA 3,DIA 3,DIA 3,DIA 3,DIA 3,DIA 7,DIA 7,DIA 7,DIA 7,DIA 7,DIA 7
Date,Month,TIPO,Detalles,Propuesta de Valor,Views,Likes,Comments,Shared,Repost,Saves,Views,Likes,Comments,Shared,Repost,Saves,Views,Likes,Comments,Shared,Repost,Saves
20,March,Reel,Culinary,"Propuesta de Valor y Nicho: El centro se posiciona en el nicho de ""Slow Living"" y bienestar, con un enfoque específico en retiros culinarios veganos. La comunicación destaca la cocina como una forma de meditación y enfatiza la ""intención y técnica"" detrás de la comida.

Análisis de Keywords y SEO: El perfil utiliza una robusta selección de palabras clave para atraer a su audiencia objetivo, incluyendo:

Wellness & Lifestyle: #SlowLiving, wellness retreat, mindful eating.

Gastronomía: vegan alchemy, vegan cooking, plant-based cuisine.

Ubicación: Puerto Escondido, Barbarenas.

Estrategia de Contenido (Reels): El uso de formatos dinámicos como Reels para mostrar procesos educativos (como las clases de Armando sobre cocina vegana) sugiere una estrategia de marketing de contenidos orientada a la educación de un arte y a reservar el mismo retiro para aprenderlo .

Conversión y Llamado a la Acción (CTA): La estrategia digital dirige activamente el tráfico hacia un ""Link in bio"" para consultar las fechas de los próximos retiros, lo cual es el punto principal de conversión en su embudo de ventas.

Identidad de Marca: Se percibe una marca que valora la transparencia y la conexión humana, mencionando directamente a miembros del equipo (como Armando) para personalizar la experiencia del servicio.","1,780",21,6,0,0,0,,,,,,,,,,,,
22,March,Reel,Santuario,"Estrategia de Diferenciación: El contenido se centra en la ""escasez de silencio"" en el mundo moderno, posicionando a Barbarenas no solo como un hotel, sino como un santuario necesario.

Optimización de Conversión: Se utiliza un llamado a la acción (CTA) directo y limpio, vinculando la necesidad emocional (escape) con el proceso de reserva en la biografía.

Alcance SEO: La publicación está optimizada con una amplia variedad de palabras clave que abarcan desde la ubicación geográfica específica hasta conceptos de estilo de vida como ""digital detox"" y ""travel inspiration"".","1,246",13,2,1,2,0,,,,,,,,,,,,
23,March,Reel,Santuario,"Análisis de Contenido Estratégico
Mensaje Central: El video presenta ""el ritual de aterrizar"" (the ritual of landing), sugiriendo que la llegada a Barbarenas es el inicio de un proceso consciente de desconexión y presencia.

Tono de Marca: Mantiene una identidad mística y natural, reforzada por el uso de emojis botánicos (🌿) y un lenguaje que eleva una simple estancia a una categoría de ""ritual"".

Audiencia Objetivo: Se dirige específicamente a la comunidad de yoga y bienestar (wellness) que busca destinos auténticos en la costa de Oaxaca.

Optimización y Tácticas de Marketing
Pilares de Contenido: El video se clasifica bajo los pilares de Yoga Retreat y estilo de vida consciente.

Hashtags Estratégicos: Utiliza etiquetas de alta relevancia local y de nicho para mejorar el alcance orgánico: #barbarenas, #yogaretreat y #puertoescondido.

Palabras Clave SEO: La descripción y los metadatos incluyen términos clave como wellness retreat, self-care, mindfulness, nature lovers y spiritual growth para posicionarse en las búsquedas de viajeros espirituales.

Llamado a la Acción (CTA): Aunque es sutil en el pie de foto, el objetivo principal es generar una conexión emocional con la marca para atraer tráfico hacia el perfil del centro.",902,13,0,0,0,0,,,,,,,,,,,,
24,March,Reel,Santuario,"Análisis de Contenido Estratégico
Mensaje Central: El video presenta ""el ritual de aterrizar"" (the ritual of landing), sugiriendo que la llegada a Barbarenas es el inicio de un proceso consciente de desconexión y presencia.

Tono de Marca: Mantiene una identidad mística y natural, reforzada por el uso de emojis botánicos (🌿) y un lenguaje que eleva una simple estancia a una categoría de ""ritual"".

Audiencia Objetivo: Se dirige específicamente a la comunidad de yoga y bienestar (wellness) que busca destinos auténticos en la costa de Oaxaca.

Optimización y Tácticas de Marketing
Pilares de Contenido: El video se clasifica bajo los pilares de Yoga Retreat y estilo de vida consciente.

Hashtags Estratégicos: Utiliza etiquetas de alta relevancia local y de nicho para mejorar el alcance orgánico: #barbarenas, #yogaretreat y #puertoescondido.

Palabras Clave SEO: La descripción y los metadatos incluyen términos clave como wellness retreat, self-care, mindfulness, nature lovers y spiritual growth para posicionarse en las búsquedas de viajeros espirituales.

Llamado a la Acción (CTA): Aunque es sutil en el pie de foto, el objetivo principal es generar una conexión emocional con la marca para atraer tráfico hacia el perfil del centro.","1,002",22,2,2,2,0,,,,,,,,,,,,
25,March,,,,,,,,,,,,,,,,,,,,,
26,March,Reel,Adobe ,"Análisis de Contenido Estratégico
Mensaje Central: El video destaca la ""arquitectura lenta"" (slow architecture), subrayando que cada piedra y muro fue colocado con intención y por manos que escuchan la tierra.

Propuesta de Valor: Se posiciona como un refugio diseñado para el ""alma inquieta"", ofreciendo un espacio de calma a través de la construcción artesanal y sostenible.

Tono de Marca: El tono es profundamente poético, artesanal y consciente de su impacto ecológico, reforzando la identidad de Barbarenas como un proyecto integrado con su entorno.

Optimización y Tácticas de Marketing
Pilares de Contenido: Esta pieza se centra en el pilar de Sustentabilidad y Diseño, mostrando el valor detrás de la infraestructura física del retiro.

SEO y Palabras Clave: El contenido está altamente optimizado para buscadores con términos como sustainable design, eco-friendly buildings, natural materials y wellness architecture.

Hashtags de Nicho: Utiliza etiquetas específicas para atraer a una audiencia interesada en el diseño consciente y la vida sostenible, tales como #slowarchitecture y #earthfriendlybuilding.

Narrativa Visual: El uso de frases como ""raised by hands that listen to the land"" eleva la percepción de calidad y autenticidad del lugar, diferenciándolo de construcciones comerciales estándar.","1,185",36,10,0,0,0,,,,,,,,,,,,
27,March,,,,,,,,,,,,,,,,,,,,,
28,March,,,,,,,,,,,,,,,,,,,,,
29,March,Reel,Community,"Análisis de Contenido Estratégico
Mensaje Central: El video promueve ""el arte de no hacer absolutamente nada"", posicionando el descanso no como un lujo, sino como una necesidad biológica para el sistema nervioso.

Propuesta de Valor: Ofrece un espacio libre de notificaciones y relojes, donde el único ritmo es el de la brisa, permitiendo a los visitantes compartir el silencio.

Tono de Marca: El tono es profundamente relajante, empático y sanador, utilizando un lenguaje que valida la necesidad de hacer una pausa en un mundo hiperconectado.

Optimización y Tácticas de Marketing
Pilares de Contenido: Esta pieza refuerza el pilar de Bienestar Mental y Desconexión Digital.

SEO y Palabras Clave: La publicación incluye términos clave como nervous system, wellness journey, stillness y pause.

Hashtags Estratégicos: Utiliza etiquetas que combinan la ubicación con el propósito del centro: #barbarenas, #puertoescondido, #retreat, #wellnessjourney y #ecoretreatcenter.

Llamado a la Acción (CTA): El video utiliza una táctica de interacción social al pedir a los usuarios que etiqueten a alguien con quien les gustaría compartir ese momento de quietud.","1,400",17,0,1,1,1,,,,,,,,,,,,
30,March,Reel,POV,"Análisis de Contenido Estratégico
Mensaje Central: El video presenta al centro como ""medicina para el cuerpo y un santuario para la mente"", promoviendo la presencia consciente por encima de la perfección en la práctica física.

Propuesta de Valor: Se posiciona como un espacio para encontrar el centro personal y dejarse sostener por la tierra, especialmente como un ritual para iniciar la semana con calma.

Tono de Marca: El tono es profundamente sanador, acogedor e introspectivo, utilizando conceptos como la quietud (stillness) y la conexión con la tierra.

Audiencia Objetivo: Buscadores de bienestar, practicantes de yoga de todos los niveles que valoran la atención plena, y personas interesadas en el turismo ecológico y espiritual.

Optimización y Tácticas de Marketing
Pilares de Contenido: Esta pieza refuerza el pilar de Bienestar Holístico y Salud Mental.

SEO y Palabras Clave: El contenido está optimizado con términos de alta relevancia como mindfulness, morning yoga, yoga classes, wellness journey y holistic wellness.

Hashtags Estratégicos: Utiliza etiquetas que combinan la marca con la ubicación y el nicho: #barbarenas, #yogaretreat, #wellnessjourney, #ecoretreatcenter y #puertoescondido.

Estrategia de Engagement: Al enfocar el mensaje en la ""presencia"" sobre las ""poses perfectas"", la marca elimina barreras de entrada para nuevos clientes, haciendo el centro más accesible emocionalmente.","1,813",18,0,2,0,1,,,,,,,,,,,,
31,March,,,,,,,,,,,,,,,,,,,,,
1,April,,,,,,,,,,,,,,,,,,,,,
2,April,,,,,,,,,,,,,,,,,,,,,
3,April,Reel,Testimonials,"Análisis de Contenido Estratégico
Mensaje Central: El video se basa en la retroalimentación de los huéspedes de la semana, enfatizando que su ""presencia es la medicina"".

Propuesta de Valor: Se destaca la energía armoniosa y la creación de una comunidad fraterna dentro del centro.

Tono de Marca: El tono es de profunda gratitud, calidez y conexión humana, utilizando un lenguaje que invita a formar parte de una comunidad en la selva.

Audiencia Objetivo: Personas interesadas en viajes transformacionales, retiros de bienestar y aquellos que buscan una comunidad acogedora y auténtica.

Optimización y Tácticas de Marketing
Prueba Social: El uso de ""feedback"" de huéspedes reales sirve como una poderosa herramienta de marketing para generar confianza y credibilidad en futuros visitantes.

SEO y Palabras Clave: La publicación está altamente optimizada con una amplia gama de términos de búsqueda como serene oasis, jungle retreat, transformational travel, wellness retreat e intentional living.

Hashtags Estratégicos: Utiliza la etiqueta principal de la marca #barbarenas para consolidar su presencia en la plataforma.

Estrategia de Engagement: Al agradecer directamente la energía de los huéspedes y darles un ""gran abrazo"", la marca refuerza la lealtad y el sentido de pertenencia.","1,417",22,4,5,1,1,,,,,,,,,,,,
4,April,,,,,,,,,,,,,,,,,,,,,
5,April,,,,,,,,,,,,,,,,,,,,,
6,April,,,,,,,,,,,,,,,,,,,,,
7,April,Reel,Community,"Análisis de Contenido Estratégico
Mensaje Central: La publicación destaca que ""algunas mañanas simplemente se sienten bien"" y posiciona el desayuno y la comunidad después del ejercicio físico como el ""lujo definitivo"".

Propuesta de Valor: Se enfoca en la experiencia post-práctica (yoga/movimiento), resaltando el valor de la conexión comunitaria y la alimentación nutritiva como pilares del retiro.

Tono de Marca: El tono es aspiracional, cálido y relajado, utilizando un lenguaje que invita a apreciar los pequeños placeres de la rutina matutina en el centro.

Audiencia Objetivo: Entusiastas del yoga, viajeros en busca de comunidad y personas que valoran un estilo de vida saludable y consciente.

Optimización y Tácticas de Marketing
Estrategia de Engagement: La publicación utiliza un llamado a la acción interactivo al pedir a los usuarios que ""dejen un '🤍' si esta es su parte favorita del día"", lo que facilita la interacción rápida y mejora el alcance del algoritmo.

Pilares de Contenido: Se refuerza el pilar de Comunidad y Gastronomía Wellness.

Hashtags Estratégicos: Utiliza etiquetas clave para el posicionamiento en el nicho de retiros: #barbarenas y #yogaretreat.

Fecha de Publicación: La data indica que el contenido fue compartido el 7 de abril de 2026.","1,240",27,0,4,0,0,,,,,,,,,,,,
8,April,,,,,,,,,,,,,,,,,,,,,
9,April,,,,,,,,,,,,,,,,,,,,,
10,April,Post,Culinary,"Mensaje Central: La publicación posiciona la gastronomía no como un servicio de hotel, sino como un proceso alquímico y comunitario. Eleva la figura de Armando de ""chef"" a ""facilitador de bienestar"".

Propuesta de Valor: Se destaca el Culinary Retreat como un producto de upselling. No solo vendemos la comida, vendemos el conocimiento y la posibilidad de replicar la ""experiencia Barbarenas"" en casa.

Tono de Marca: Humano, agradecido y auténtico. Al usar testimonios reales sobre videos de comida real, eliminamos la sensación de ""publicidad"" y la convertimos en una recomendación de la tribu.

Audiencia Objetivo: Huéspedes actuales (para fomentar el workshop), huéspedes potenciales que buscan un refugio donde se coma sano, y foodies conscientes que valoran el origen de los ingredientes.","1,000",21,2,1,2,1,,,,,,,,,,,,
11,April,,,,,,,,,,,,,,,,,,,,,
12,April,,,,,,,,,,,,,,,,,,,,,
13,April,,,,,,,,,,,,,,,,,,,,,
14,April,Post,Community - Girls,"Mensaje Central: La publicación posiciona a Barbarenas como un refugio de pertenencia. El foco no es la infraestructura, sino los vínculos humanos y la reconexión con la naturaleza como medicina para la soledad moderna.

Propuesta de Valor: Se destaca la Experiencia Comunitaria como el valor diferencial. Vendemos un espacio seguro para la vulnerabilidad, el juego y la amistad genuina, transformando la estancia en un ""retorno al hogar"".

Tono de Marca: Descomplicado, vibrante y juguetón. Al usar clips de risas y abrazos, el tono se siente como un ""insider look"" a una familia, eliminando la distancia entre el negocio y el huésped.

Audiencia Objetivo: Viajeros solitarios que buscan comunidad, grupos de amigos en busca de experiencias con propósito, y personas que se sienten desconectadas de su entorno urbano.","7,350",104,4,7,0,12,,,,,,,,,,,,
15,April,,,,,,,,,,,,,,,,,,,,,
16,April,Reel,POV,"Análisis de Contenido Estratégico (Actualizado)
Mensaje Central: El post define la entrada como un acto de liberación. No estás entrando a un edificio, estás saliendo del caos.

Propuesta de Valor: La paz inmediata. El beneficio ocurre en el segundo 1 de cruzar la puerta, lo que reduce la ansiedad del viaje y genera deseo de llegada.

Tono de Marca: Humilde, místico y protector.

Audiencia Objetivo: Personas saturadas mentalmente que ven en esa puerta de madera el fin de su cansancio.",900,24,0,1,1,1,,,,,,,,,,,,
17,April,,,,,,,,,,,,,,,,,,,,,
18,April,,,,,,,,,,,,,,,,,,,,,
19,April,,,,,,,,,,,,,,,,,,,,,
20,April,,,,,,,,,,,,,,,,,,,,,
21,April,,,,,,,,,,,,,,,,,,,,,
22,April,Post,Natura & Community,"Propuesta de Valor: Paz inmediata. Atacamos el deseo del usuario de sentir alivio instantáneo. El beneficio se comunica como algo que ocurre en el segundo uno, reduciendo la ansiedad del viaje.

Tono de Marca: Humilde, místico y protector. Usamos palabras que abrazan al seguidor (""Welcome home"", ""Let your shoulders drop""), posicionando a Barbarenas como un cuidador de su bienestar.

Audiencia Objetivo: Personas saturadas mentalmente que buscan un punto final para su cansancio acumulado.","1,536",45,0,0,0,2,,,,,,,,,,,,
23,April,,,,,,,,,,,,,,,,,,,,,
24,April,,,,,,,,,,,,,,,,,,,,,
25,April,,,,,,,,,,,,,,,,,,,,,
26,April,,,,,,,,,,,,,,,,,,,,,
27,April,Post,Curanderas,"Justificación: Análisis de Contenido Estratégico
Mensaje Central: El post posiciona el retiro no como un curso, sino como un proceso de recuerdo. ""Despertar tu propia medicina"" apoya la idea de que el huésped ya es poderoso, y Barbarenas es solo el facilitador.

Propuesta de Valor: Ofrece profundidad espiritual y autenticidad. Al mostrar a Shaira y los rituales reales (abrir rumbos), nos alejamos de lo ""comercial"" y nos acercamos a lo sagrado, algo que genera muchos Saves (Guardados) por su valor aspiracional.

Tono de Marca: Místico, respetuoso y empoderador. El lenguaje es elevado pero accesible, invitando a la introspección.

Audiencia Objetivo: Mujeres (y buscadores) que se sienten desconectados de su intuición y buscan herramientas ancestrales para navegar la vida moderna.","1,200",28,4,1,1,0,,,,,,,,,,,,
28,April,Reel,Collab - vita,,"3,000",61,13,3,0,1,,,,,,,,,,,,
29,April,,,,,,,,,,,,,,,,,,,,,
30,April,,,,,,,,,,,,,,,,,,,,,
1,May,,,,,,,,,,,,,,,,,,,,,
2,May,Reel,Collab - maleia,,"3,000",,,,,,,,,,,,,,,,,
3,May,,,,,,,,,,,,,,,,,,,,,
4,May,,,,,,,,,,,,,,,,,,,,,
5,May,Post,Community,"Justificación: Análisis de Contenido Estratégico
Mensaje Central: El post posiciona la experiencia en el centro no como un servicio de hotelería, sino como un ecosistema de bienestar orgánico. Al usar palabras como ""heartbeat"" (latido), humanizamos la marca y reforzamos que Barbarenas es un organismo vivo que late a través de su comunidad.

Propuesta de Valor: Ofrece pertenencia y autenticidad. Al mostrar fotos reales de la comida de Armando, los rituales de Tarot y momentos de descanso, nos alejamos de lo institucional para mostrar la ""magia simple"" de lo cotidiano, algo que resuena profundamente con quienes buscan una conexión real.

Tono de Marca: Místico, cálido y minimalista. El lenguaje es breve y elevado, priorizando la sensación de calma y presencia sobre la venta directa, alineándose con tu estrategia de regulación del sistema nervioso.

Audiencia Objetivo: Personas que buscan un refugio de desconexión y nutrición integral. Está diseñado para aquellos que valoran tanto el alimento físico (nutrición consciente) como el espiritual (rituales y comunidad) y buscan espacios donde estos elementos convivan de forma natural.","1,038",15,2,4,0,1,"1,205",17,2,4,0,1,"1,345",18,2,5,0,1
6,May,,,,,,,,,,,,,,,,,,,,,
7,May,,,,,,,,,,,,,,,,,,,,,
8,May,Post,Yoga,"Este post tiene una estructura técnica que aprovecha cómo funcionan el algoritmo y la psicología del espectador en 2026. 

El Gancho Visual y Retención (The Hook)
Contraste de Planos: Empezar con el detalle del cuaderno genera curiosidad inmediata. Es un plano cerrado que obliga al ojo a enfocarse. Al pasar al plano abierto de la shala o de ti en Savasana , liberas esa ""tensión"" visual, lo cual es muy satisfactorio para quien hace scroll.

Identificación Temporal: Mostrar el objeto físico con el ""2026"" ancla el contenido al ""aquí y ahora"". Esto hace que el usuario sienta que es contenido fresco y relevante, no algo guardado de hace meses.

2. Psicología del Storytelling: Del Pensamiento a la Acción
La Narrativa ""Cerebro-Cuerpo"": El copy sigue un orden lógico que resuena con la comunidad wellness: Idea (Intención) -> Acción (Movimiento) -> Estado (Presente).

Vulnerabilidad Controlada: Al mencionar que el mundo ""sigue girando"", validas el caos que siente tu audiencia. Te posicionas no como alguien que vive en una burbuja, sino como alguien que usa el yoga como una herramienta real para lidiar con la vida moderna.

3. Alineación con la Marca Personal (Personal Branding)
Coherencia con Manduka: Si estás buscando la embajaduría, este post es tu mejor carta de presentación. Muestra que usas el equipo para algo profundo (grounding), no solo para la foto.

Estética Orgánica: La luz natural y los tonos tierra de tus videos comunican honestidad. En un Instagram saturado de filtros de IA y colores sobresaturados, lo ""crudo"" y bien filmado se percibe como lujo auténtico.

4. Engagement Estratégico
El Call to Action (CTA): La pregunta final (""Have you taken a moment to breathe today?"") no es de venta, es de bienestar. Esto suele generar comentarios tipo ""Gracias, necesitaba leer esto"",","2,147",32,6,1,0,1,"2,562",40,6,1,0,1,"2,818",41,6,1,0,1
9,May,,,,,,,,,,,,,,,,,,,,,
10,May,,,,,,,,,,,,,,,,,,,,,
11,May,,,,,,,,,,,,,,,,,,,,,
12,May,Post,Collab - Grace ,,"2,116",47,6,2,1,3,"2,632",58,6,2,1,3,"3,019",61,8,2,1,3
13,May,,,,,,,,,,,,,,,,,,,,,
14,May,Reel,Colab - Maleia,,,,12,,2,,,,12,2,,,,,13,,1,
15,May,Reel,Mornings at barbarenas ,"Justificación de Posteo — Reel ""A Morning with No Rush""
1. El Gancho Visual (Hook) — Los primeros 3 segundos
El rayo de sol entre las palmas es un hook casi perfecto desde la neurociencia visual: la luz en movimiento activa el reflejo de orientación del cerebro, el mismo mecanismo que hace que no podamos ignorar una vela encendida en una habitación oscura. El espectador no decide quedarse a ver — su sistema nervioso lo decide por él. A eso se suma que es un plano de detalle, lo que genera una micro-tensión de ""¿dónde estoy?"" que solo se resuelve siguiendo el video.
2. Narrativa sin palabras — Storytelling Cinético
El reel narra una mañana completa sin decir una sola palabra: despertar → movimiento → comida → conexión → alegría. Esa secuencia sigue el arco emocional exacto que busca la audiencia wellness: del silencio interno al gozo compartido. El cerebro procesa esto como una historia satisfecha, lo que aumenta el tiempo de visualización completa — la métrica que más pondera el algoritmo de Instagram en 2026.
3. La Mujer como Espejo, no como Modelo
La protagonista no mira a cámara, no posa. Baja escaleras, cruza un puente, se ríe. Eso activa el mecanismo de identificación proyectiva: quien lo ve no la admira, se imagina siendo ella. Es la diferencia entre contenido aspiracional que genera envidia y contenido aspiracional que genera deseo de reservar.
4. El Chef como Prueba Social Silenciosa
El corte al chef poniendo semillas sobre los chilaquiles hace tres cosas a la vez: muestra intención detrás de la comida, humaniza el lugar, y genera lo que en marketing se llama proof without claim — nadie dice ""la comida es increíble"", pero el espectador lo concluye solo. Eso es infinitamente más creíble que cualquier caption.
5. El Cierre que no cierra — La Risa
Terminar con la risa sobre la papaya es un recurso cinematográfico clásico: el freeze-frame emocional. La audiencia se queda con esa imagen porque el cerebro tiende a recordar el estado emocional con el que termina una experiencia, no el inicio. Alguien que termina el reel sonriendo asocia ese estado con Barbarenas. Esa asociación es el verdadero objetivo de la pieza.
6. Alineación Algorítmica
La secuencia de cortes directos sin transiciones artificiales comunica confianza editorial y calidad de producción — señales que el algoritmo lee como contenido de creador original y favorece en distribución orgánica. La luz natural consistente a lo largo del reel genera coherencia estética que retiene incluso a quienes solo lo ven en silencio.",343,5,0,0,0,0,476,6,0,0,0,0,527,9,0,0,0,0
16,May,,,,,,,,,,,,,,,,,,,,,
17,May,,,,,,,,,,,,,,,,,,,,,
18,May,Reel,Collab - Serah,Colaboracion retiro 2027,"8,481",237,83,30,5,17,"10,938",283,85,34,6,28,"11,639",302,85,34,6,30
19,May,,,,,,,,,,,,,,,,,,,,,
20,May,,,,,,,,,,,,,,,,,,,,,
21,May,,,,,,,,,,,,,,,,,,,,,
22,May,,,,,,,,,,,,,,,,,,,,,
23,May,Post,Ritual + Comunidad,"Justificación de posteo
1. El Hook — Ritual antes que paisaje
Empezar en el altar es una decisión contraintuitiva que trabaja a favor. El algoritmo mide los primeros 2 segundos de retención. Dos chicas eligiendo una carta en un altar generan una pregunta inmediata en el cerebro del espectador — ¿qué están haciendo? — y esa pregunta es la que hace que deslicen al segundo clip en lugar de seguir el scroll.
2. La Arquitectura Emocional del Carrusel
Cada clip cumple una función emocional distinta en la secuencia. El altar abre desde lo íntimo y sagrado. La alberca expande el espacio. La cocina baja a lo cotidiano y nutritivo. La mesa convierte lo individual en colectivo. La ensalada y la sombrilla ralentizan el ritmo — son los clips que le dan al espectador permiso de respirar. El lavabo activa la curiosidad arquitectónica. El cartel cierra con identidad, como la última página de un libro que querés releer.
3. Por qué este formato supera al Reel en este caso
El carrusel de videos cortos tiene una ventaja que el reel no tiene: el usuario controla el ritmo. Eso genera más tiempo total en el post, que es exactamente la métrica que Instagram premia con distribución orgánica. Además cada desliz es una microinteracción que el algoritmo registra como engagement.
4. Saves y Shares — Por qué este post los va a generar
El post no muestra qué es Barbarenas — muestra cómo se siente Barbarenas. Esa distinción es la diferencia entre contenido que se mira y contenido que se guarda. La persona que lo guarda no está guardando un hotel, está guardando una versión de sí misma que quiere habitar. Y la persona que lo comparte lo está mandando a alguien con el mensaje implícito de ""acá tenemos que ir.""
5. Coherencia con la Estrategia 2026
Este post ejecuta los tres ejes del reporte en un solo contenido: ritual íntimo con las chicas en el altar, comunidad alrededor de la mesa, y el lugar como recipiente de todo eso. No hay copy de venta, no hay CTA agresivo. La marca no dice ""reservá"" — dice ""esto existe"" y deja que el deseo haga el resto.
","1,007",12,0,0,0,0,,,,,,,,,,,,
24,May,,,,,,,,,,,,,,,,,,,,,
25,May,,,,,,,,,,,,,,,,,,,,,
26,May,Post,,,,,,,,,,,,,,,,,,,,
27,May,,,,,,,,,,,,,,,,,,,,,
28,May,,,,,,,,,,,,,,,,,,,,,
29,May,,,,,,,,,,,,,,,,,,,,,
30,May,,,,,,,,,,,,,,,,,,,,,
31,May,,,,,,,,,,,,,,,,,,,,,
1,June,,,,,,,,,,,,,,,,,,,,,
2,June,,,,,,,,,,,,,,,,,,,,,
3,June,,,,,,,,,,,,,,,,,,,,,
4,June,,,,,,,,,,,,,,,,,,,,,
5,June,,,,,,,,,,,,,,,,,,,,,
6,June,,,,,,,,,,,,,,,,,,,,,
7,June,,,,,,,,,,,,,,,,,,,,,
8,June,,,,,,,,,,,,,,,,,,,,,
9,June,,,,,,,,,,,,,,,,,,,,,
10,June,,,,,,,,,,,,,,,,,,,,,
11,June,,,,,,,,,,,,,,,,,,,,,
12,June,,,,,,,,,,,,,,,,,,,,,
13,June,,,,,,,,,,,,,,,,,,,,,
14,June,,,,,,,,,,,,,,,,,,,,,
15,June,,,,,,,,,,,,,,,,,,,,,
16,June,,,,,,,,,,,,,,,,,,,,,
17,June,,,,,,,,,,,,,,,,,,,,,
18,June,,,,,,,,,,,,,,,,,,,,,
19,June,,,,,,,,,,,,,,,,,,,,,
20,June,,,,,,,,,,,,,,,,,,,,,
21,June,,,,,,,,,,,,,,,,,,,,,
22,June,,,,,,,,,,,,,,,,,,,,,
23,June,,,,,,,,,,,,,,,,,,,,,
24,June,,,,,,,,,,,,,,,,,,,,,
25,June,,,,,,,,,,,,,,,,,,,,,
26,June,,,,,,,,,,,,,,,,,,,,,
27,June,,,,,,,,,,,,,,,,,,,,,
28,June,,,,,,,,,,,,,,,,,,,,,
29,June,,,,,,,,,,,,,,,,,,,,,
30,June,,,,,,,,,,,,,,,,,,,,,